Workbook

Sheet 04_Transactions_clean
A1: Transaction_ID | B1: Base_ID | C1: Equipment_ID | D1: Supplier_ID | E1: Quantity | F1: Unit_Cost | G1: Quantity_Received | H1: Quantity_Issued | I1: Current_Stock | J1: Procurement_Cost | K1: Transaction_Date | L1: Delivery_Days | M1: Delivery_Status | N1: Priority | O1: Weather | P1: Emergency_Request | Q1: Status | R1: Inspection_Result
A2: TXN000001 | B2: B001 | C2: EQ020 | D2: S008 | E2: 99 | F2: 15000 | G2: 102 | H2: 18 | I2: 84 | J2: 1530000 | K2: 46019 | L2: 9 | M2: Delayed | N2: Medium | O2: Clear | P2: No | Q2: Completed | R2: Passed
A3: TXN000002 | B3: B004 | C3: EQ077 | D3: S005 | E3: 85 | F3: 12000 | G3: 88 | H3: 63 | I3: 25 | J3: 1056000 | K3: 45821 | L3: 6 | M3: Delayed | N3: Low | O3: Fog | P3: No | Q3: Completed | R3: Failed
A4: TXN000003 | B4: B008 | C4: EQ094 | D4: S010 | E4: 94 | F4: 12000 | G4: 120 | H4: 76 | I4: 44 | J4: 1440000 | K4: 45794 | L4: 12 | M4: Critical Delay | N4: Low | O4: Clear | P4: No | Q4: Completed | R4: Passed
A5: TXN000004 | B5: B005 | C5: EQ063 | D5: S008 | E5: 51 | F5: 2200 | G5: 63 | H5: 59 | I5: 4 | J5: 138600 | K5: 45971 | L5: 12 | M5: Critical Delay | N5: High | O5: Rain | P5: No | Q5: Completed | R5: Passed
A6: TXN000005 | B6: B003 | C6: EQ066 | D6: S009 | E6: 24 | F6: 300 | G6: 41 | H6: 15 | I6: 26 | J6: 12300 | K6: 45708 | L6: 10 | M6: Delayed | N6: Low | O6: Fog | P6: Yes | Q6: In Progress | R6: Passed
A7: TXN000006 | B7: B014 | C7: EQ037 | D7: S007 | E7: 80 | F7: 25000 | G7: 103 | H7: 23 | I7: 80 | J7: 2575000 | K7: 45913 | L7: 4 | M7: On Time | N7: High | O7: Rain | P7: Yes | Q7: Completed | R7: Passed
A8: TXN000007 | B8: B004 | C8: EQ046 | D8: S006 | E8: 31 | F8: 8000 | G8: 33 | H8: 22 | I8: 11 | J8: 264000 | K8: 45699 | L8: 4 | M8: On Time | N8: Medium | O8: Clear | P8: Yes | Q8: Pending | R8: Passed
A9: TXN000008 | B9: B008 | C9: EQ067 | D9: S009 | E9: 103 | F9: 2200 | G9: 131 | H9: 47 | I9: 84 | J9: 288200 | K9: 45692 | L9: 10 | M9: Delayed | N9: Medium | O9: Clear | P9: No | Q9: In Progress | R9: Passed
A10: TXN000009 | B10: B004 | C10: EQ061 | D10: S001 | E10: 60 | F10: 500 | G10: 67 | H10: 25 | I10: 42 | J10: 33500 | K10: 45721 | L10: 3 | M10: On Time | N10: Low | O10: Fog | P10: No | Q10: Completed | R10: Passed
A11: TXN000010 | B11: B006 | C11: EQ046 | D11: S004 | E11: 99 | F11: 8000 | G11: 104 | H11: 104 | I11: 0 | J11: 832000 | K11: 45690 | L11: 5 | M11: On Time | N11: High | O11: Clear | P11: No | Q11: Completed | R11: Passed
A12: TXN000011 | B12: B001 | C12: EQ008 | D12: S009 | E12: 98 | F12: 65000 | G12: 105 | H12: 47 | I12: 58 | J12: 6825000 | K12: 45762 | L12: 2 | M12: On Time | N12: Low | O12: Clear | P12: No | Q12: Completed | R12: Passed
A13: TXN000012 | B13: B006 | C13: EQ052 | D13: S002 | E13: 88 | F13: 3500 | G13: 91 | H13: 63 | I13: 28 | J13: 318500 | K13: 45883 | L13: 9 | M13: Delayed | N13: Low | O13: Clear | P13: Yes | Q13: Completed | R13: Failed
... A20001: TXN020000 | B20001: B008 | C20001: EQ021 | D20001: S010 | E20001: 82 | F20001: 2500000 | G20001: 95 | H20001: 47 | I20001: 48 | J20001: 237500000 | K20001: 45808 | L20001: 4 | M20001: On Time | N20001: High | O20001: Storm | P20001: No | Q20001: Completed | R20001: Passed

Sheet Data_Summary
A1: DEFENCE LOGISTICS & INVENTORY ANALYSIS
A3: Metric | B3: Value
A5: Total Transactions | B5: =COUNTA('04_Transactions_clean'!A:A)-1 -> 20000
A6: Total Procurement Cost | B6: =SUM('04_Transactions_clean'!$J$2:$J$20001) -> 451655430500
A7: Total Quantity | B7: =SUM('04_Transactions_clean'!$E$2:$E$20001) -> 1699689
A8: Total Bases | B8: =COUNTA(Base_Analysis!$A$2:$A$16) -> 15
A9: Total Suppliers | B9: =COUNTA(Supplier_Analysis!$A$2:$A$11) -> 10
A10: Total Equipment | B10: =COUNTA([1]Sheet1!$A:$A)-1 -> 100
A11: Average Delivery Days | B11: =AVERAGE('04_Transactions_clean'!$L$2:$L$20001) -> 7.9568
A12: Emergency Requests | B12: =COUNTIF('04_Transactions_clean'!$P$2:$P$20001,"Yes") -> 3042
A13: Emergency Request Rate | B13: =B12/B5 -> 0.1521

Sheet Supplier_Analysis
A1: Supplier_ID | B1: Supplier_Name | C1: Transaction_Count | D1: Total_Procurement_Cost | E1: Avg_Procurement_Cost | F1: Avg_Delivery_Days | G1: On_Time_% | H1: Delayed_% | I1: Critical_Delay_% | J1: Supplier_Performanc
A2: S001 | C2: =COUNTIF('04_Transactions_clean'!$D:$D,A2) -> 2087 | D2: =SUMIF('04_Transactions_clean'!$D:$D,A2,'04_Transactions_clean'!$K:$K) -> 95675771 | E2: =AVERAGEIF('04_Transactions_clean'!$D:$D,A2,'04_Transactions_clean'!$K:$K) -> 45843.685 | F2: =AVERAGEIF('04_Transactions_clean'!$D:$D,A2,'04_Transactions_clean'!$I:$I) -> 48.147101 | G2: =COUNTIFS('04_Transactions_clean'!$D:$D,$A2,'04_Transactions_clean'!$M:$M,"On Time")/$C2 -> 0.3263057 | H2: =COUNTIFS('04_Transactions_clean'!$D:$D,$A2,'04_Transactions_clean'!$M:$M,"Delayed")/$C2 -> 0.3440345 | I2: =COUNTIFS('04_Transactions_clean'!$D:$D,$A2,'04_Transactions_clean'!$M:$M,"Critical Delay")/$C2 -> 0.3296598 | J2: =IF(G2>=AVERAGE($G$2:$G$11),"Good","Needs Improvement") -> Needs Improvement
A3: S002 | C3: =COUNTIF('04_Transactions_clean'!$D:$D,A3) -> 1955 | D3: =SUMIF('04_Transactions_clean'!$D:$D,A3,'04_Transactions_clean'!$K:$K) -> 89619682 | E3: =AVERAGEIF('04_Transactions_clean'!$D:$D,A3,'04_Transactions_clean'!$K:$K) -> 45841.27 | F3: =AVERAGEIF('04_Transactions_clean'!$D:$D,A3,'04_Transactions_clean'!$I:$I) -> 47.963683 | G3: =COUNTIFS('04_Transactions_clean'!$D:$D,$A3,'04_Transactions_clean'!$M:$M,"On Time")/$C3 -> 0.34475703 | H3: =COUNTIFS('04_Transactions_clean'!$D:$D,$A3,'04_Transactions_clean'!$M:$M,"Delayed")/$C3 -> 0.33248082 | I3: =COUNTIFS('04_Transactions_clean'!$D:$D,$A3,'04_Transactions_clean'!$M:$M,"Critical Delay")/$C3 -> 0.32276215 | J3: =IF(G3>=AVERAGE($G$2:$G$11),"Good","Needs Improvement") -> Good
A4: S003 | C4: =COUNTIF('04_Transactions_clean'!$D:$D,A4) -> 2000 | D4: =SUMIF('04_Transactions_clean'!$D:$D,A4,'04_Transactions_clean'!$K:$K) -> 91681543 | E4: =AVERAGEIF('04_Transactions_clean'!$D:$D,A4,'04_Transactions_clean'!$K:$K) -> 45840.772 | F4: =AVERAGEIF('04_Transactions_clean'!$D:$D,A4,'04_Transactions_clean'!$I:$I) -> 47.3635 | G4: =COUNTIFS('04_Transactions_clean'!$D:$D,$A4,'04_Transactions_clean'!$M:$M,"On Time")/$C4 -> 0.342 | H4: =COUNTIFS('04_Transactions_clean'!$D:$D,$A4,'04_Transactions_clean'!$M:$M,"Delayed")/$C4 -> 0.328 | I4: =COUNTIFS('04_Transactions_clean'!$D:$D,$A4,'04_Transactions_clean'!$M:$M,"Critical Delay")/$C4 -> 0.33 | J4: =IF(G4>=AVERAGE($G$2:$G$11),"Good","Needs Improvement") -> Good
A5: S004 | C5: =COUNTIF('04_Transactions_clean'!$D:$D,A5) -> 1994 | D5: =SUMIF('04_Transactions_clean'!$D:$D,A5,'04_Transactions_clean'!$K:$K) -> 91397192 | E5: =AVERAGEIF('04_Transactions_clean'!$D:$D,A5,'04_Transactions_clean'!$K:$K) -> 45836.104 | F5: =AVERAGEIF('04_Transactions_clean'!$D:$D,A5,'04_Transactions_clean'!$I:$I) -> 48.104313 | G5: =COUNTIFS('04_Transactions_clean'!$D:$D,$A5,'04_Transactions_clean'!$M:$M,"On Time")/$C5 -> 0.33550652 | H5: =COUNTIFS('04_Transactions_clean'!$D:$D,$A5,'04_Transactions_clean'!$M:$M,"Delayed")/$C5 -> 0.32296891 | I5: =COUNTIFS('04_Transactions_clean'!$D:$D,$A5,'04_Transactions_clean'!$M:$M,"Critical Delay")/$C5 -> 0.34152457 | J5: =IF(G5>=AVERAGE($G$2:$G$11),"Good","Needs Improvement") -> Needs Improvement
A6: S005 | C6: =COUNTIF('04_Transactions_clean'!$D:$D,A6) -> 2017 | D6: =SUMIF('04_Transactions_clean'!$D:$D,A6,'04_Transactions_clean'!$K:$K) -> 92454935 | E6: =AVERAGEIF('04_Transactions_clean'!$D:$D,A6,'04_Transactions_clean'!$K:$K) -> 45837.846 | F6: =AVERAGEIF('04_Transactions_clean'!$D:$D,A6,'04_Transactions_clean'!$I:$I) -> 46.732276 | G6: =COUNTIFS('04_Transactions_clean'!$D:$D,$A6,'04_Transactions_clean'!$M:$M,"On Time")/$C6 -> 0.335647 | H6: =COUNTIFS('04_Transactions_clean'!$D:$D,$A6,'04_Transactions_clean'!$M:$M,"Delayed")/$C6 -> 0.33118493 | I6: =COUNTIFS('04_Transactions_clean'!$D:$D,$A6,'04_Transactions_clean'!$M:$M,"Critical Delay")/$C6 -> 0.33316807 | J6: =IF(G6>=AVERAGE($G$2:$G$11),"Good","Needs Improvement") -> Needs Improvement
A7: S006 | C7: =COUNTIF('04_Transactions_clean'!$D:$D,A7) -> 2034 | D7: =SUMIF('04_Transactions_clean'!$D:$D,A7,'04_Transactions_clean'!$K:$K) -> 93240398 | E7: =AVERAGEIF('04_Transactions_clean'!$D:$D,A7,'04_Transactions_clean'!$K:$K) -> 45840.904 | F7: =AVERAGEIF('04_Transactions_clean'!$D:$D,A7,'04_Transactions_clean'!$I:$I) -> 48.456244 | G7: =COUNTIFS('04_Transactions_clean'!$D:$D,$A7,'04_Transactions_clean'!$M:$M,"On Time")/$C7 -> 0.31563422 | H7: =COUNTIFS('04_Transactions_clean'!$D:$D,$A7,'04_Transactions_clean'!$M:$M,"Delayed")/$C7 -> 0.34660767 | I7: =COUNTIFS('04_Transactions_clean'!$D:$D,$A7,'04_Transactions_clean'!$M:$M,"Critical Delay")/$C7 -> 0.33775811 | J7: =IF(G7>=AVERAGE($G$2:$G$11),"Good","Needs Improvement") -> Needs Improvement
A8: S007 | C8: =COUNTIF('04_Transactions_clean'!$D:$D,A8) -> 1973 | D8: =SUMIF('04_Transactions_clean'!$D:$D,A8,'04_Transactions_clean'!$K:$K) -> 90440224 | E8: =AVERAGEIF('04_Transactions_clean'!$D:$D,A8,'04_Transactions_clean'!$K:$K) -> 45838.938 | F8: =AVERAGEIF('04_Transactions_clean'!$D:$D,A8,'04_Transactions_clean'!$I:$I) -> 46.787126 | G8: =COUNTIFS('04_Transactions_clean'!$D:$D,$A8,'04_Transactions_clean'!$M:$M,"On Time")/$C8 -> 0.32843386 | H8: =COUNTIFS('04_Transactions_clean'!$D:$D,$A8,'04_Transactions_clean'!$M:$M,"Delayed")/$C8 -> 0.3122149 | I8: =COUNTIFS('04_Transactions_clean'!$D:$D,$A8,'04_Transactions_clean'!$M:$M,"Critical Delay")/$C8 -> 0.35935124 | J8: =IF(G8>=AVERAGE($G$2:$G$11),"Good","Needs Improvement") -> Needs Improvement
A9: S008 | C9: =COUNTIF('04_Transactions_clean'!$D:$D,A9) -> 1977 | D9: =SUMIF('04_Transactions_clean'!$D:$D,A9,'04_Transactions_clean'!$K:$K) -> 90624176 | E9: =AVERAGEIF('04_Transactions_clean'!$D:$D,A9,'04_Transactions_clean'!$K:$K) -> 45839.239 | F9: =AVERAGEIF('04_Transactions_clean'!$D:$D,A9,'04_Transactions_clean'!$I:$I) -> 46.056146 | G9: =COUNTIFS('04_Transactions_clean'!$D:$D,$A9,'04_Transactions_clean'!$M:$M,"On Time")/$C9 -> 0.34041477 | H9: =COUNTIFS('04_Transactions_clean'!$D:$D,$A9,'04_Transactions_clean'!$M:$M,"Delayed")/$C9 -> 0.34648457 | I9: =COUNTIFS('04_Transactions_clean'!$D:$D,$A9,'04_Transactions_clean'!$M:$M,"Critical Delay")/$C9 -> 0.31310066 | J9: =IF(G9>=AVERAGE($G$2:$G$11),"Good","Needs Improvement") -> Good
A10: S009 | C10: =COUNTIF('04_Transactions_clean'!$D:$D,A10) -> 1977 | D10: =SUMIF('04_Transactions_clean'!$D:$D,A10,'04_Transactions_clean'!$K:$K) -> 90632265 | E10: =AVERAGEIF('04_Transactions_clean'!$D:$D,A10,'04_Transactions_clean'!$K:$K) -> 45843.331 | F10: =AVERAGEIF('04_Transactions_clean'!$D:$D,A10,'04_Transactions_clean'!$I:$I) -> 46.712696 | G10: =COUNTIFS('04_Transactions_clean'!$D:$D,$A10,'04_Transactions_clean'!$M:$M,"On Time")/$C10 -> 0.35306019 | H10: =COUNTIFS('04_Transactions_clean'!$D:$D,$A10,'04_Transactions_clean'!$M:$M,"Delayed")/$C10 -> 0.32524026 | I10: =COUNTIFS('04_Transactions_clean'!$D:$D,$A10,'04_Transactions_clean'!$M:$M,"Critical Delay")/$C10 -> 0.32169954 | J10: =IF(G10>=AVERAGE($G$2:$G$11),"Good","Needs Improvement") -> Good
A11: S010 | C11: =COUNTIF('04_Transactions_clean'!$D:$D,A11) -> 1986 | D11: =SUMIF('04_Transactions_clean'!$D:$D,A11,'04_Transactions_clean'!$K:$K) -> 91039066 | E11: =AVERAGEIF('04_Transactions_clean'!$D:$D,A11,'04_Transactions_clean'!$K:$K) -> 45840.416 | F11: =AVERAGEIF('04_Transactions_clean'!$D:$D,A11,'04_Transactions_clean'!$I:$I) -> 47.646022 | G11: =COUNTIFS('04_Transactions_clean'!$D:$D,$A11,'04_Transactions_clean'!$M:$M,"On Time")/$C11 -> 0.34441088 | H11: =COUNTIFS('04_Transactions_clean'!$D:$D,$A11,'04_Transactions_clean'!$M:$M,"Delayed")/$C11 -> 0.33081571 | I11: =COUNTIFS('04_Transactions_clean'!$D:$D,$A11,'04_Transactions_clean'!$M:$M,"Critical Delay")/$C11 -> 0.32477341 | J11: =IF(G11>=AVERAGE($G$2:$G$11),"Good","Needs Improvement") -> Good
C12: =SUM(C2:C11) -> 20000

Sheet Base_Analysis
A1: Base_ID | B1: Transaction_Count | C1: Total_Procurement_Cost | D1: Avg_Procurement_Cost | E1: Avg_Delivery_Days | F1: On_Time_% | G1: Delayed_% | H1: Emergency_Requests
A2: B001 | B2: =COUNTIF('04_Transactions_clean'!$B$2:$B$20001,A2) -> 1330 | C2: =SUMIF('04_Transactions_clean'!$B$2:$B$20001,A2,'04_Transactions_clean'!$J$2:$J$20001) -> 31505400600 | D2: =IFERROR(C2/B2,0) -> 23688271 | E2: =AVERAGEIF('04_Transactions_clean'!$B$2:$B$20001,A2,'04_Transactions_clean'!$L$2:$L$20001) -> 8.043609 | F2: =IFERROR(COUNTIFS('04_Transactions_clean'!$B$2:$B$20001,A2,'04_Transactions_clean'!$M$2:$M$20001,"On Time")/B2,0) -> 0.32781955 | G2: =IFERROR(COUNTIFS('04_Transactions_clean'!$B$2:$B$20001,A2,'04_Transactions_clean'!$M$2:$M$20001,"Delayed")/B2,0) -> 0.33609023 | H2: =COUNTIFS('04_Transactions_clean'!$B$2:$B$20001,A2,'04_Transactions_clean'!$P$2:$P$20001,"Yes") -> 198 | J2: =SUM('04_Transactions_clean'!$J$2:$J$20001) -> 451655430500
A3: B002 | B3: =COUNTIF('04_Transactions_clean'!$B$2:$B$20001,A3) -> 1387 | C3: =SUMIF('04_Transactions_clean'!$B$2:$B$20001,A3,'04_Transactions_clean'!$J$2:$J$20001) -> 27793244500 | D3: =IFERROR(C3/B3,0) -> 20038388 | E3: =AVERAGEIF('04_Transactions_clean'!$B$2:$B$20001,A3,'04_Transactions_clean'!$L$2:$L$20001) -> 8.1254506 | F3: =IFERROR(COUNTIFS('04_Transactions_clean'!$B$2:$B$20001,A3,'04_Transactions_clean'!$M$2:$M$20001,"On Time")/B3,0) -> 0.32155732 | G3: =IFERROR(COUNTIFS('04_Transactions_clean'!$B$2:$B$20001,A3,'04_Transactions_clean'!$M$2:$M$20001,"Delayed")/B3,0) -> 0.33165105 | H3: =COUNTIFS('04_Transactions_clean'!$B$2:$B$20001,A3,'04_Transactions_clean'!$P$2:$P$20001,"Yes") -> 212
A4: B003 | B4: =COUNTIF('04_Transactions_clean'!$B$2:$B$20001,A4) -> 1294 | C4: =SUMIF('04_Transactions_clean'!$B$2:$B$20001,A4,'04_Transactions_clean'!$J$2:$J$20001) -> 33391338400 | D4: =IFERROR(C4/B4,0) -> 25804744 | E4: =AVERAGEIF('04_Transactions_clean'!$B$2:$B$20001,A4,'04_Transactions_clean'!$L$2:$L$20001) -> 7.9636785 | F4: =IFERROR(COUNTIFS('04_Transactions_clean'!$B$2:$B$20001,A4,'04_Transactions_clean'!$M$2:$M$20001,"On Time")/B4,0) -> 0.33153014 | G4: =IFERROR(COUNTIFS('04_Transactions_clean'!$B$2:$B$20001,A4,'04_Transactions_clean'!$M$2:$M$20001,"Delayed")/B4,0) -> 0.35162287 | H4: =COUNTIFS('04_Transactions_clean'!$B$2:$B$20001,A4,'04_Transactions_clean'!$P$2:$P$20001,"Yes") -> 216
A5: B004 | B5: =COUNTIF('04_Transactions_clean'!$B$2:$B$20001,A5) -> 1239 | C5: =SUMIF('04_Transactions_clean'!$B$2:$B$20001,A5,'04_Transactions_clean'!$J$2:$J$20001) -> 23706913900 | D5: =IFERROR(C5/B5,0) -> 19133910 | E5: =AVERAGEIF('04_Transactions_clean'!$B$2:$B$20001,A5,'04_Transactions_clean'!$L$2:$L$20001) -> 7.9652946 | F5: =IFERROR(COUNTIFS('04_Transactions_clean'!$B$2:$B$20001,A5,'04_Transactions_clean'!$M$2:$M$20001,"On Time")/B5,0) -> 0.33414044 | G5: =IFERROR(COUNTIFS('04_Transactions_clean'!$B$2:$B$20001,A5,'04_Transactions_clean'!$M$2:$M$20001,"Delayed")/B5,0) -> 0.34624697 | H5: =COUNTIFS('04_Transactions_clean'!$B$2:$B$20001,A5,'04_Transactions_clean'!$P$2:$P$20001,"Yes") -> 181
A6: B005 | B6: =COUNTIF('04_Transactions_clean'!$B$2:$B$20001,A6) -> 1318 | C6: =SUMIF('04_Transactions_clean'!$B$2:$B$20001,A6,'04_Transactions_clean'!$J$2:$J$20001) -> 30209474000 | D6: =IFERROR(C6/B6,0) -> 22920693 | E6: =AVERAGEIF('04_Transactions_clean'!$B$2:$B$20001,A6,'04_Transactions_clean'!$L$2:$L$20001) -> 7.9969651 | F6: =IFERROR(COUNTIFS('04_Transactions_clean'!$B$2:$B$20001,A6,'04_Transactions_clean'!$M$2:$M$20001,"On Time")/B6,0) -> 0.35432473 | G6: =IFERROR(COUNTIFS('04_Transactions_clean'!$B$2:$B$20001,A6,'04_Transactions_clean'!$M$2:$M$20001,"Delayed")/B6,0) -> 0.30045524 | H6: =COUNTIFS('04_Transactions_clean'!$B$2:$B$20001,A6,'04_Transactions_clean'!$P$2:$P$20001,"Yes") -> 191
A7: B006 | B7: =COUNTIF('04_Transactions_clean'!$B$2:$B$20001,A7) -> 1385 | C7: =SUMIF('04_Transactions_clean'!$B$2:$B$20001,A7,'04_Transactions_clean'!$J$2:$J$20001) -> 36315036300 | D7: =IFERROR(C7/B7,0) -> 26220243 | E7: =AVERAGEIF('04_Transactions_clean'!$B$2:$B$20001,A7,'04_Transactions_clean'!$L$2:$L$20001) -> 8.0772563 | F7: =IFERROR(COUNTIFS('04_Transactions_clean'!$B$2:$B$20001,A7,'04_Transactions_clean'!$M$2:$M$20001,"On Time")/B7,0) -> 0.31913357 | G7: =IFERROR(COUNTIFS('04_Transactions_clean'!$B$2:$B$20001,A7,'04_Transactions_clean'!$M$2:$M$20001,"Delayed")/B7,0) -> 0.34223827 | H7: =COUNTIFS('04_Transactions_clean'!$B$2:$B$20001,A7,'04_Transactions_clean'!$P$2:$P$20001,"Yes") -> 211
A8: B007 | B8: =COUNTIF('04_Transactions_clean'!$B$2:$B$20001,A8) -> 1351 | C8: =SUMIF('04_Transactions_clean'!$B$2:$B$20001,A8,'04_Transactions_clean'!$J$2:$J$20001) -> 28661828100 | D8: =IFERROR(C8/B8,0) -> 21215269 | E8: =AVERAGEIF('04_Transactions_clean'!$B$2:$B$20001,A8,'04_Transactions_clean'!$L$2:$L$20001) -> 7.9333827 | F8: =IFERROR(COUNTIFS('04_Transactions_clean'!$B$2:$B$20001,A8,'04_Transactions_clean'!$M$2:$M$20001,"On Time")/B8,0) -> 0.34196891 | G8: =IFERROR(COUNTIFS('04_Transactions_clean'!$B$2:$B$20001,A8,'04_Transactions_clean'!$M$2:$M$20001,"Delayed")/B8,0) -> 0.31088083 | H8: =COUNTIFS('04_Transactions_clean'!$B$2:$B$20001,A8,'04_Transactions_clean'!$P$2:$P$20001,"Yes") -> 206
A9: B008 | B9: =COUNTIF('04_Transactions_clean'!$B$2:$B$20001,A9) -> 1349 | C9: =SUMIF('04_Transactions_clean'!$B$2:$B$20001,A9,'04_Transactions_clean'!$J$2:$J$20001) -> 34076168000 | D9: =IFERROR(C9/B9,0) -> 25260317 | E9: =AVERAGEIF('04_Transactions_clean'!$B$2:$B$20001,A9,'04_Transactions_clean'!$L$2:$L$20001) -> 7.9251297 | F9: =IFERROR(COUNTIFS('04_Transactions_clean'!$B$2:$B$20001,A9,'04_Transactions_clean'!$M$2:$M$20001,"On Time")/B9,0) -> 0.34025204 | G9: =IFERROR(COUNTIFS('04_Transactions_clean'!$B$2:$B$20001,A9,'04_Transactions_clean'!$M$2:$M$20001,"Delayed")/B9,0) -> 0.33061527 | H9: =COUNTIFS('04_Transactions_clean'!$B$2:$B$20001,A9,'04_Transactions_clean'!$P$2:$P$20001,"Yes") -> 216
A10: B009 | B10: =COUNTIF('04_Transactions_clean'!$B$2:$B$20001,A10) -> 1367 | C10: =SUMIF('04_Transactions_clean'!$B$2:$B$20001,A10,'04_Transactions_clean'!$J$2:$J$20001) -> 35594556200 | D10: =IFERROR(C10/B10,0) -> 26038446 | E10: =AVERAGEIF('04_Transactions_clean'!$B$2:$B$20001,A10,'04_Transactions_clean'!$L$2:$L$20001) -> 7.8983175 | F10: =IFERROR(COUNTIFS('04_Transactions_clean'!$B$2:$B$20001,A10,'04_Transactions_clean'!$M$2:$M$20001,"On Time")/B10,0) -> 0.32991953 | G10: =IFERROR(COUNTIFS('04_Transactions_clean'!$B$2:$B$20001,A10,'04_Transactions_clean'!$M$2:$M$20001,"Delayed")/B10,0) -> 0.35771763 | H10: =COUNTIFS('04_Transactions_clean'!$B$2:$B$20001,A10,'04_Transactions_clean'!$P$2:$P$20001,"Yes") -> 195
A11: B010 | B11: =COUNTIF('04_Transactions_clean'!$B$2:$B$20001,A11) -> 1320 | C11: =SUMIF('04_Transactions_clean'!$B$2:$B$20001,A11,'04_Transactions_clean'!$J$2:$J$20001) -> 29090737600 | D11: =IFERROR(C11/B11,0) -> 22038438 | E11: =AVERAGEIF('04_Transactions_clean'!$B$2:$B$20001,A11,'04_Transactions_clean'!$L$2:$L$20001) -> 7.9477273 | F11: =IFERROR(COUNTIFS('04_Transactions_clean'!$B$2:$B$20001,A11,'04_Transactions_clean'!$M$2:$M$20001,"On Time")/B11,0) -> 0.34015152 | G11: =IFERROR(COUNTIFS('04_Transactions_clean'!$B$2:$B$20001,A11,'04_Transactions_clean'!$M$2:$M$20001,"Delayed")/B11,0) -> 0.33181818 | H11: =COUNTIFS('04_Transactions_clean'!$B$2:$B$20001,A11,'04_Transactions_clean'!$P$2:$P$20001,"Yes") -> 202
A12: B011 | B12: =COUNTIF('04_Transactions_clean'!$B$2:$B$20001,A12) -> 1255 | C12: =SUMIF('04_Transactions_clean'!$B$2:$B$20001,A12,'04_Transactions_clean'!$J$2:$J$20001) -> 22054537900 | D12: =IFERROR(C12/B12,0) -> 17573337 | E12: =AVERAGEIF('04_Transactions_clean'!$B$2:$B$20001,A12,'04_Transactions_clean'!$L$2:$L$20001) -> 7.8286853 | F12: =IFERROR(COUNTIFS('04_Transactions_clean'!$B$2:$B$20001,A12,'04_Transactions_clean'!$M$2:$M$20001,"On Time")/B12,0) -> 0.35139442 | G12: =IFERROR(COUNTIFS('04_Transactions_clean'!$B$2:$B$20001,A12,'04_Transactions_clean'!$M$2:$M$20001,"Delayed")/B12,0) -> 0.3314741 | H12: =COUNTIFS('04_Transactions_clean'!$B$2:$B$20001,A12,'04_Transactions_clean'!$P$2:$P$20001,"Yes") -> 176
A13: B012 | B13: =COUNTIF('04_Transactions_clean'!$B$2:$B$20001,A13) -> 1351 | C13: =SUMIF('04_Transactions_clean'!$B$2:$B$20001,A13,'04_Transactions_clean'!$J$2:$J$20001) -> 29862235900 | D13: =IFERROR(C13/B13,0) -> 22103802 | E13: =AVERAGEIF('04_Transactions_clean'!$B$2:$B$20001,A13,'04_Transactions_clean'!$L$2:$L$20001) -> 7.6824574 | F13: =IFERROR(COUNTIFS('04_Transactions_clean'!$B$2:$B$20001,A13,'04_Transactions_clean'!$M$2:$M$20001,"On Time")/B13,0) -> 0.35973353 | G13: =IFERROR(COUNTIFS('04_Transactions_clean'!$B$2:$B$20001,A13,'04_Transactions_clean'!$M$2:$M$20001,"Delayed")/B13,0) -> 0.32938564 | H13: =COUNTIFS('04_Transactions_clean'!$B$2:$B$20001,A13,'04_Transactions_clean'!$P$2:$P$20001,"Yes") -> 195
A14: B013 | B14: =COUNTIF('04_Transactions_clean'!$B$2:$B$20001,A14) -> 1374 | C14: =SUMIF('04_Transactions_clean'!$B$2:$B$20001,A14,'04_Transactions_clean'!$J$2:$J$20001) -> 27233902600 | D14: =IFERROR(C14/B14,0) -> 19820890 | E14: =AVERAGEIF('04_Transactions_clean'!$B$2:$B$20001,A14,'04_Transactions_clean'!$L$2:$L$20001) -> 7.9221252 | F14: =IFERROR(COUNTIFS('04_Transactions_clean'!$B$2:$B$20001,A14,'04_Transactions_clean'!$M$2:$M$20001,"On Time")/B14,0) -> 0.33260553 | G14: =IFERROR(COUNTIFS('04_Transactions_clean'!$B$2:$B$20001,A14,'04_Transactions_clean'!$M$2:$M$20001,"Delayed")/B14,0) -> 0.33624454 | H14: =COUNTIFS('04_Transactions_clean'!$B$2:$B$20001,A14,'04_Transactions_clean'!$P$2:$P$20001,"Yes") -> 199
... A16: B015 | B16: =COUNTIF('04_Transactions_clean'!$B$2:$B$20001,A16) -> 1335 | C16: =SUMIF('04_Transactions_clean'!$B$2:$B$20001,A16,'04_Transactions_clean'!$J$2:$J$20001) -> 32875251300 | D16: =IFERROR(C16/B16,0) -> 24625656 | E16: =AVERAGEIF('04_Transactions_clean'!$B$2:$B$20001,A16,'04_Transactions_clean'!$L$2:$L$20001) -> 8.0606742 | F16: =IFERROR(COUNTIFS('04_Transactions_clean'!$B$2:$B$20001,A16,'04_Transactions_clean'!$M$2:$M$20001,"On Time")/B16,0) -> 0.33033708 | G16: =IFERROR(COUNTIFS('04_Transactions_clean'!$B$2:$B$20001,A16,'04_Transactions_clean'!$M$2:$M$20001,"Delayed")/B16,0) -> 0.31835206 | H16: =COUNTIFS('04_Transactions_clean'!$B$2:$B$20001,A16,'04_Transactions_clean'!$P$2:$P$20001,"Yes") -> 229
B17: =SUM(B2:B16) -> 20000

Sheet Equipment_Analysis
A1: Equipment_ID | B1: Equipment_Name | C1: Category | D1: Transaction_Count | E1: Total_Quantity | F1: Total_Procurement_Cost | G1: Avg_Unit_Cost | H1: Avg_Delivery_Days | I1: Minimum_Stock
A2: EQ001 | B2: Tactical Radio | C2: Communication Equipment | D2: =COUNTIF('04_Transactions_clean'!$C$2:$C$20001,A2) -> 178 | E2: =SUMIF('04_Transactions_clean'!$C$2:$C$20001,A2,'04_Transactions_clean'!$E$2:$E$20001) -> 15010 | F2: =SUMIF('04_Transactions_clean'!$C$2:$C$20001,A2,'04_Transactions_clean'!$J$2:$J$20001) -> 796770000 | G2: =AVERAGEIF('04_Transactions_clean'!$C$2:$C$20001,A2,'04_Transactions_clean'!$F$2:$F$20001) -> 45000 | H2: =AVERAGEIF('04_Transactions_clean'!$C$2:$C$20001,A2,'04_Transactions_clean'!$L$2:$L$20001) -> 7.994382 | I2: 50
A3: EQ002 | B3: Satellite Phone | C3: Communication Equipment | D3: =COUNTIF('04_Transactions_clean'!$C$2:$C$20001,A3) -> 197 | E3: =SUMIF('04_Transactions_clean'!$C$2:$C$20001,A3,'04_Transactions_clean'!$E$2:$E$20001) -> 16640 | F3: =SUMIF('04_Transactions_clean'!$C$2:$C$20001,A3,'04_Transactions_clean'!$J$2:$J$20001) -> 1667190000 | G3: =AVERAGEIF('04_Transactions_clean'!$C$2:$C$20001,A3,'04_Transactions_clean'!$F$2:$F$20001) -> 85000 | H3: =AVERAGEIF('04_Transactions_clean'!$C$2:$C$20001,A3,'04_Transactions_clean'!$L$2:$L$20001) -> 8.6395939 | I3: 20
A4: EQ003 | B4: Signal Antenna | C4: Communication Equipment | D4: =COUNTIF('04_Transactions_clean'!$C$2:$C$20001,A4) -> 215 | E4: =SUMIF('04_Transactions_clean'!$C$2:$C$20001,A4,'04_Transactions_clean'!$E$2:$E$20001) -> 16925 | F4: =SUMIF('04_Transactions_clean'!$C$2:$C$20001,A4,'04_Transactions_clean'!$J$2:$J$20001) -> 504175000 | G4: =AVERAGEIF('04_Transactions_clean'!$C$2:$C$20001,A4,'04_Transactions_clean'!$F$2:$F$20001) -> 25000 | H4: =AVERAGEIF('04_Transactions_clean'!$C$2:$C$20001,A4,'04_Transactions_clean'!$L$2:$L$20001) -> 8.3162791 | I4: 30
A5: EQ004 | B5: Communication Headset | C5: Communication Equipment | D5: =COUNTIF('04_Transactions_clean'!$C$2:$C$20001,A5) -> 198 | E5: =SUMIF('04_Transactions_clean'!$C$2:$C$20001,A5,'04_Transactions_clean'!$E$2:$E$20001) -> 16719 | F5: =SUMIF('04_Transactions_clean'!$C$2:$C$20001,A5,'04_Transactions_clean'!$J$2:$J$20001) -> 235080000 | G5: =AVERAGEIF('04_Transactions_clean'!$C$2:$C$20001,A5,'04_Transactions_clean'!$F$2:$F$20001) -> 12000 | H5: =AVERAGEIF('04_Transactions_clean'!$C$2:$C$20001,A5,'04_Transactions_clean'!$L$2:$L$20001) -> 7.9242424 | I5: 100
A6: EQ005 | B6: Portable Repeater | C6: Communication Equipment | D6: =COUNTIF('04_Transactions_clean'!$C$2:$C$20001,A6) -> 177 | E6: =SUMIF('04_Transactions_clean'!$C$2:$C$20001,A6,'04_Transactions_clean'!$E$2:$E$20001) -> 14912 | F6: =SUMIF('04_Transactions_clean'!$C$2:$C$20001,A6,'04_Transactions_clean'!$J$2:$J$20001) -> 1673330000 | G6: =AVERAGEIF('04_Transactions_clean'!$C$2:$C$20001,A6,'04_Transactions_clean'!$F$2:$F$20001) -> 95000 | H6: =AVERAGEIF('04_Transactions_clean'!$C$2:$C$20001,A6,'04_Transactions_clean'!$L$2:$L$20001) -> 8.1525424 | I6: 10
A7: EQ006 | B7: Handheld GPS | C7: Communication Equipment | D7: =COUNTIF('04_Transactions_clean'!$C$2:$C$20001,A7) -> 215 | E7: =SUMIF('04_Transactions_clean'!$C$2:$C$20001,A7,'04_Transactions_clean'!$E$2:$E$20001) -> 18094 | F7: =SUMIF('04_Transactions_clean'!$C$2:$C$20001,A7,'04_Transactions_clean'!$J$2:$J$20001) -> 386100000 | G7: =AVERAGEIF('04_Transactions_clean'!$C$2:$C$20001,A7,'04_Transactions_clean'!$F$2:$F$20001) -> 18000 | H7: =AVERAGEIF('04_Transactions_clean'!$C$2:$C$20001,A7,'04_Transactions_clean'!$L$2:$L$20001) -> 8.027907 | I7: 40
A8: EQ007 | B8: Network Switch | C8: Communication Equipment | D8: =COUNTIF('04_Transactions_clean'!$C$2:$C$20001,A8) -> 198 | E8: =SUMIF('04_Transactions_clean'!$C$2:$C$20001,A8,'04_Transactions_clean'!$E$2:$E$20001) -> 17387 | F8: =SUMIF('04_Transactions_clean'!$C$2:$C$20001,A8,'04_Transactions_clean'!$J$2:$J$20001) -> 612930000 | G8: =AVERAGEIF('04_Transactions_clean'!$C$2:$C$20001,A8,'04_Transactions_clean'!$F$2:$F$20001) -> 30000 | H8: =AVERAGEIF('04_Transactions_clean'!$C$2:$C$20001,A8,'04_Transactions_clean'!$L$2:$L$20001) -> 8.2373737 | I8: 20
A9: EQ008 | B9: Rugged Tablet | C9: Communication Equipment | D9: =COUNTIF('04_Transactions_clean'!$C$2:$C$20001,A9) -> 210 | E9: =SUMIF('04_Transactions_clean'!$C$2:$C$20001,A9,'04_Transactions_clean'!$E$2:$E$20001) -> 18083 | F9: =SUMIF('04_Transactions_clean'!$C$2:$C$20001,A9,'04_Transactions_clean'!$J$2:$J$20001) -> 1369420000 | G9: =AVERAGEIF('04_Transactions_clean'!$C$2:$C$20001,A9,'04_Transactions_clean'!$F$2:$F$20001) -> 65000 | H9: =AVERAGEIF('04_Transactions_clean'!$C$2:$C$20001,A9,'04_Transactions_clean'!$L$2:$L$20001) -> 7.8857143 | I9: 15
A10: EQ009 | B10: Portable Power Bank | C10: Communication Equipment | D10: =COUNTIF('04_Transactions_clean'!$C$2:$C$20001,A10) -> 178 | E10: =SUMIF('04_Transactions_clean'!$C$2:$C$20001,A10,'04_Transactions_clean'!$E$2:$E$20001) -> 14867 | F10: =SUMIF('04_Transactions_clean'!$C$2:$C$20001,A10,'04_Transactions_clean'!$J$2:$J$20001) -> 87510000 | G10: =AVERAGEIF('04_Transactions_clean'!$C$2:$C$20001,A10,'04_Transactions_clean'!$F$2:$F$20001) -> 5000 | H10: =AVERAGEIF('04_Transactions_clean'!$C$2:$C$20001,A10,'04_Transactions_clean'!$L$2:$L$20001) -> 8.7247191 | I10: 80
A11: EQ010 | B11: Signal Cable Kit | C11: Communication Equipment | D11: =COUNTIF('04_Transactions_clean'!$C$2:$C$20001,A11) -> 192 | E11: =SUMIF('04_Transactions_clean'!$C$2:$C$20001,A11,'04_Transactions_clean'!$E$2:$E$20001) -> 15819 | F11: =SUMIF('04_Transactions_clean'!$C$2:$C$20001,A11,'04_Transactions_clean'!$J$2:$J$20001) -> 149848000 | G11: =AVERAGEIF('04_Transactions_clean'!$C$2:$C$20001,A11,'04_Transactions_clean'!$F$2:$F$20001) -> 8000 | H11: =AVERAGEIF('04_Transactions_clean'!$C$2:$C$20001,A11,'04_Transactions_clean'!$L$2:$L$20001) -> 7.3020833 | I11: 120
A12: EQ011 | B12: First Aid Kit | C12: Medical Supplies | D12: =COUNTIF('04_Transactions_clean'!$C$2:$C$20001,A12) -> 187 | E12: =SUMIF('04_Transactions_clean'!$C$2:$C$20001,A12,'04_Transactions_clean'!$E$2:$E$20001) -> 15786 | F12: =SUMIF('04_Transactions_clean'!$C$2:$C$20001,A12,'04_Transactions_clean'!$J$2:$J$20001) -> 5573100 | G12: =AVERAGEIF('04_Transactions_clean'!$C$2:$C$20001,A12,'04_Transactions_clean'!$F$2:$F$20001) -> 300 | H12: =AVERAGEIF('04_Transactions_clean'!$C$2:$C$20001,A12,'04_Transactions_clean'!$L$2:$L$20001) -> 7.828877 | I12: 100
A13: EQ012 | B13: Trauma Kit | C13: Medical Supplies | D13: =COUNTIF('04_Transactions_clean'!$C$2:$C$20001,A13) -> 207 | E13: =SUMIF('04_Transactions_clean'!$C$2:$C$20001,A13,'04_Transactions_clean'!$E$2:$E$20001) -> 17921 | F13: =SUMIF('04_Transactions_clean'!$C$2:$C$20001,A13,'04_Transactions_clean'!$J$2:$J$20001) -> 253812000 | G13: =AVERAGEIF('04_Transactions_clean'!$C$2:$C$20001,A13,'04_Transactions_clean'!$F$2:$F$20001) -> 12000 | H13: =AVERAGEIF('04_Transactions_clean'!$C$2:$C$20001,A13,'04_Transactions_clean'!$L$2:$L$20001) -> 7.9903382 | I13: 40
... A101: EQ100 | B101: Multi-Purpose Shelter Kit | C101: Field Support & Shelter | D101: =COUNTIF('04_Transactions_clean'!$C$2:$C$20001,A101) -> 206 | E101: =SUMIF('04_Transactions_clean'!$C$2:$C$20001,A101,'04_Transactions_clean'!$E$2:$E$20001) -> 17845 | F101: =SUMIF('04_Transactions_clean'!$C$2:$C$20001,A101,'04_Transactions_clean'!$J$2:$J$20001) -> 1793245000 | G101: =AVERAGEIF('04_Transactions_clean'!$C$2:$C$20001,A101,'04_Transactions_clean'!$F$2:$F$20001) -> 85000 | H101: =AVERAGEIF('04_Transactions_clean'!$C$2:$C$20001,A101,'04_Transactions_clean'!$L$2:$L$20001) -> 7.6262136 | I101: 5
